{"type": "block", "layer": 1, "block": 0, "features": [{"geom": {"triangles": {"v": [-22.712846499819307, -5.15528431294003, 0.0, -15.873268511916672, -10.765767526975802, 0.0, -7.3131641311182936, -5.15528431294003, 0.0, -22.712846499819307, -10.765767526975802, 0.0, -3.526292268599329, -13.80322084883948, 0.0, -1.450019464516994, -11.783351046038307, 0.0, -1.450019464516994, -3.2016147241678805, 0.0, -7.3131641311182936, -2.1849039726809045, 0.0, -5.818224353744994, 3.3977300214447705, 0.0, -13.884399413398329, -2.1849039726809045, 0.0, -15.639328717271333, 3.3977300214447705, 0.0, -15.639328717271333, -2.445531412935817, 0.0, -13.884399413398329, -2.445531412935817, 0.0, -5.818224353744994, 5.029573707565848, 0.0, 8.11070818107613, -3.2016147241678805, 0.0, 19.88823373151275, 12.32940805669944, 0.0, -7.05967434278108, 12.32940805669944, 0.0, -7.05967434278108, 5.029573707565848, 0.0, 19.842735564375303, 5.218694506932516, 0.0, 19.88823373151275, 5.218694506932516, 0.0, 18.269798929052094, 0.32701314700244005, 0.0, 19.842735564375303, 1.9937484939430716, 0.0, 18.65978321880165, 0.32701314700244005, 0.0, 18.65978321880165, -0.5140745523859716, 0.0, 24.1650614424329, -0.5140745523859716, 0.0, 24.1650614424329, 1.9937484939430716, 0.0, 12.775222422746978, -14.034602641063449, 0.0, 18.269798929052094, -15.854529326561382, 0.0, 12.775222422746978, -15.854529326561382, 0.0, 8.11070818107613, -14.034602641063449, 0.0, -15.873268511916672, -13.80322084883948, 0.0], "f": [0, 1, 2, 0, 3, 1, 2, 1, 4, 2, 4, 5, 2, 5, 6, 7, 2, 6, 8, 7, 6, 9, 7, 8, 10, 9, 8, 10, 11, 9, 11, 12, 9, 13, 8, 6, 13, 6, 14, 15, 13, 14, 16, 13, 15, 16, 17, 13, 15, 14, 18, 18, 19, 15, 18, 14, 20, 18, 20, 21, 20, 22, 21, 21, 22, 23, 24, 21, 23, 21, 24, 25, 20, 14, 26, 20, 26, 27, 26, 28, 27, 14, 29, 26, 1, 30, 4]}, "centroids": [[2.6588536517087036, -0.8665786862529014, 0.0]]}, "mtl": 0}, {"geom": {"triangles": {"v": [-22.712846499819307, -5.15528431294003, 1.9499214487477847, -15.873268511916672, -10.765767526975802, 1.9499214487477847, -7.3131641311182936, -5.15528431294003, 1.9499214487477847, -22.712846499819307, -10.765767526975802, 1.9499214487477847, -3.526292268599329, -13.80322084883948, 1.9499214487477847, -1.450019464516994, -11.783351046038307, 1.9499214487477847, -1.450019464516994, -3.2016147241678805, 1.9499214487477847, -7.3131641311182936, -2.1849039726809045, 1.9499214487477847, -5.818224353744994, 3.3977300214447705, 1.9499214487477847, -13.884399413398329, -2.1849039726809045, 1.9499214487477847, -15.639328717271333, 3.3977300214447705, 1.9499214487477847, -15.639328717271333, -2.445531412935817, 1.9499214487477847, -13.884399413398329, -2.445531412935817, 1.9499214487477847, -5.818224353744994, 5.029573707565848, 1.9499214487477847, 8.11070818107613, -3.2016147241678805, 1.9499214487477847, 19.88823373151275, 12.32940805669944, 1.9499214487477847, -7.05967434278108, 12.32940805669944, 1.9499214487477847, -7.05967434278108, 5.029573707565848, 1.9499214487477847, 19.842735564375303, 5.218694506932516, 1.9499214487477847, 19.88823373151275, 5.218694506932516, 1.9499214487477847, 18.269798929052094, 0.32701314700244005, 1.9499214487477847, 19.842735564375303, 1.9937484939430716, 1.9499214487477847, 18.65978321880165, 0.32701314700244005, 1.9499214487477847, 18.65978321880165, -0.5140745523859716, 1.9499214487477847, 24.1650614424329, -0.5140745523859716, 1.9499214487477847, 24.1650614424329, 1.9937484939430716, 1.9499214487477847, 12.775222422746978, -14.034602641063449, 1.9499214487477847, 18.269798929052094, -15.854529326561382, 1.9499214487477847, 12.775222422746978, -15.854529326561382, 1.9499214487477847, 8.11070818107613, -14.034602641063449, 1.9499214487477847, -15.873268511916672, -13.80322084883948, 1.9499214487477847], "f": [0, 1, 2, 0, 3, 1, 2, 1, 4, 2, 4, 5, 2, 5, 6, 7, 2, 6, 8, 7, 6, 9, 7, 8, 10, 9, 8, 10, 11, 9, 11, 12, 9, 13, 8, 6, 13, 6, 14, 15, 13, 14, 16, 13, 15, 16, 17, 13, 15, 14, 18, 18, 19, 15, 18, 14, 20, 18, 20, 21, 20, 22, 21, 21, 22, 23, 24, 21, 23, 21, 24, 25, 20, 14, 26, 20, 26, 27, 26, 28, 27, 14, 29, 26, 1, 30, 4]}, "centroids": [[2.6588536517087036, -0.8665786862529014, 1.9499214487477847]]}, "mtl": 0}, {"geom": {"triangles": {"v": [-22.712846499819307, -5.15528431294003, 3.8998428974955694, -15.873268511916672, -10.765767526975802, 3.8998428974955694, -7.3131641311182936, -5.15528431294003, 3.8998428974955694, -22.712846499819307, -10.765767526975802, 3.8998428974955694, -3.526292268599329, -13.80322084883948, 3.8998428974955694, -1.450019464516994, -11.783351046038307, 3.8998428974955694, -1.450019464516994, -3.2016147241678805, 3.8998428974955694, -7.3131641311182936, -2.1849039726809045, 3.8998428974955694, -5.818224353744994, 3.3977300214447705, 3.8998428974955694, -13.884399413398329, -2.1849039726809045, 3.8998428974955694, -15.639328717271333, 3.3977300214447705, 3.8998428974955694, -15.639328717271333, -2.445531412935817, 3.8998428974955694, -13.884399413398329, -2.445531412935817, 3.8998428974955694, -5.818224353744994, 5.029573707565848, 3.8998428974955694, 8.11070818107613, -3.2016147241678805, 3.8998428974955694, 19.88823373151275, 12.32940805669944, 3.8998428974955694, -7.05967434278108, 12.32940805669944, 3.8998428974955694, -7.05967434278108, 5.029573707565848, 3.8998428974955694, 19.842735564375303, 5.218694506932516, 3.8998428974955694, 19.88823373151275, 5.218694506932516, 3.8998428974955694, 18.269798929052094, 0.32701314700244005, 3.8998428974955694, 19.842735564375303, 1.9937484939430716, 3.8998428974955694, 18.65978321880165, 0.32701314700244005, 3.8998428974955694, 18.65978321880165, -0.5140745523859716, 3.8998428974955694, 24.1650614424329, -0.5140745523859716, 3.8998428974955694, 24.1650614424329, 1.9937484939430716, 3.8998428974955694, 12.775222422746978, -14.034602641063449, 3.8998428974955694, 18.269798929052094, -15.854529326561382, 3.8998428974955694, 12.775222422746978, -15.854529326561382, 3.8998428974955694, 8.11070818107613, -14.034602641063449, 3.8998428974955694, -15.873268511916672, -13.80322084883948, 3.8998428974955694], "f": [0, 1, 2, 0, 3, 1, 2, 1, 4, 2, 4, 5, 2, 5, 6, 7, 2, 6, 8, 7, 6, 9, 7, 8, 10, 9, 8, 10, 11, 9, 11, 12, 9, 13, 8, 6, 13, 6, 14, 15, 13, 14, 16, 13, 15, 16, 17, 13, 15, 14, 18, 18, 19, 15, 18, 14, 20, 18, 20, 21, 20, 22, 21, 21, 22, 23, 24, 21, 23, 21, 24, 25, 20, 14, 26, 20, 26, 27, 26, 28, 27, 14, 29, 26, 1, 30, 4]}, "centroids": [[2.6588536517087036, -0.8665786862529014, 3.8998428974955694]]}, "mtl": 0}], "featureCount": 3}